{
  "name": "highcharts-ng",
  "version": "0.0.7",
  "main": "dist/highcharts-ng.js",
  "dependencies": {},
  "devDependencies": {
    "angular": "latest",
    "angular-mocks": "latest",
    "jquery": "latest"
  },
  "homepage": "https://github.com/pablojim/highcharts-ng",
  "_release": "0.0.7",
  "_resolution": {
    "type": "version",
    "tag": "0.0.7",
    "commit": "16d022bd9ecb422740286b5832133abeca2c80c4"
  },
  "_source": "git://github.com/pablojim/highcharts-ng.git",
  "_target": "~0.0.7",
  "_originalSource": "highcharts-ng",
  "_direct": true
}